{
	//"dt" : 0.0000333333333,
	"dt" : 0.0000008333333333,
	"totalTime" : 9,
	"objects" : [
		{
			"type" : "parts",
			"filename" : "parts/disc_2.bgeo"
		}
	],
	"grid" : {
		"origin" : [-2.5, 0.0],
		//"size" : [100, 100],
		//"h" : 0.05
		"size" : [20, 20],
		"h" : 0.25
	},
 	"mass" : 1.0,
	//"objectMass" : 10,	
	"color" : [1.0, 0.0, 0.0],
	"lame" : [0, 1.0e6],
	"massPropDamp" : 0.99999999,
	"gravity" : [0.0, 0.0]
}
