{
	//"dt" : 0.0000000833333333333,
	"dt" : 0.000000166666666666,
	"totalTime" : 1,
	"objects" : [
		{
			"type" : "parts",
			"filename" : "parts/disc_jitter.bgeo"
		}
	],
	"grid" : {
		"origin" : [-0.5, 0.0],
		//"size" : [40, 40],
		//"h" : 0.025
		"size" : [40, 40],
		"h" : 0.025
	},
 	"mass" : 1.0,
	"lame" : [0, 1.0e2],
	"massPropDamp" : 1.0,	
	"gravity" : [0.0, 0.0]
}
