{
	"dt" : 0.0000333333333,
	//"dt" : 0.00000666666667,
	"totalTime" : 2,
	"objects" : [
		{
			"type" : "parts",
			"filename" : "parts/disc_2.bgeo"
		}
	],
	"grid" : {
		"origin" : [0.0, 0.0],
		"size" : [32, 32],
		"h" : 0.03125
	},
 	//"mass" : 1.0,
	//density*pi*radius^2	
	"objectMass" : 0.56548667764,
	"color" : [1.0, 0.0, 0.0],
	"lame" : [1.0e5, 1.0e5],
	"massPropDamp" : 0.99999999,
	"gravity" : [0.0, 0.0]
}
